0.jpeg, 1, 1, 2, 1
8.jpg, 1, 1, 1, 1
1.jpeg, 4, 1, 1, 3
9.jpg
14.jpg, 1, 1, 1, 1
28.jpg
29.jpg, 1, 1, 1, 1
15.jpg, 1, 1, 3, 1
17.jpg, 5, 1, 1, 1
6.jpeg, 1, 1, 3, 1
16.jpg
12.jpg, 1, 1, 1, 1
13.jpg, 1, 1, 1, 1
11.jpg, 1, 1, 1, 1
10.jpg, 1, 1, 1, 1
21.jpg
20.jpg, 5, 1, 1, 1
22.jpg, 1, 1, 1, 1
23.jpg, 5, 2, 1, 1
27.jpg, 2, 1, 1, 1
26.jpg, 5, 1, 1, 1
32.jpg, 1, 1, 1, 2
18.jpg, 1, 1, 1, 1
24.jpg, 2, 1, 1, 1
30.jpg, 1, 1, 5, 1
31.jpg, 5, 1, 1, 1
25.jpg, 1, 1, 1, 1
19.jpg
4.jpg, 1, 2, 1, 1
5.jpg, 1, 1, 1, 1
7.png, 1, 1, 1, 1
2.jpg, 1, 1, 1, 3
